regn,Country,Item Type,Sales Channel,Order Priority,Order Date,Order ID,Ship Date,Units Sold,Unit Price,Unit Cost,Total Revenue,Total Cost,Total Profit
Australia and Oceania,Tuvalu,Baby Food,Offline,H,5282010.0,669165933,6272010.0,9925,255.28,159.42,2533654.0,1582243.5,951410.5
Central America and the Caribbean,Grenada,Cereal,Online,C,8222012.0,963881480,9152012.0,2804,205.7,117.11,576782.8,328376.44,248406.36
Europe,Russia,Office Supplies,Offline,L,5022014.0,341417157,5082014.0,1779,651.21,524.96,1158502.59,933903.84,224598.75
Sub-Saharan Africa,Sao Tome and Principe,Fruits,Online,C,6202014.0,514321792,7052014.0,8102,9.33,6.92,75591.66,56065.84,19525.82
Sub-Saharan Africa,Rwanda,Office Supplies,Offline,L,2012013.0,115456712,2062013.0,5062,651.21,524.96,3296425.02,2657347.52,639077.5
Australia and Oceania,Solomon Islands,Baby Food,Online,C,2042015.0,547995746,2212015.0,2974,255.28,159.42,759202.72,474115.08,285087.64
Sub-Saharan Africa,Angola,Household,Offline,M,4232011.0,135425221,4272011.0,4187,668.27,502.54,2798046.49,2104134.98,693911.51
Sub-Saharan Africa,Burkina Faso,Vegetables,Online,H,7172012.0,871543967,7272012.0,8082,154.06,90.93,1245112.92,734896.26,510216.66
Sub-Saharan Africa,Republic of the Congo,Personal Care,Offline,M,7142015.0,770463311,8252015.0,6070,81.73,56.67,496101.1,343986.9,152114.2
Sub-Saharan Africa,Senegal,Cereal,Online,H,4182014.0,616607081,5302014.0,6593,205.7,117.11,1356180.1,772106.23,584073.87
Asia,Kyrgyzstan,Vegetables,Online,H,6242011.0,814711606,7122011.0,124,154.06,90.93,19103.44,11275.32,7828.12
Sub-Saharan Africa,Cape Verde,Clothes,Offline,H,8022014.0,939825713,8192014.0,4168,109.28,35.84,455479.04,149381.12,306097.92
Asia,Bangladesh,Clothes,Online,L,1132017.0,187310731,3012017.0,8263,109.28,35.84,902980.64,296145.92,606834.72
Central America and the Caribbean,Honduras,Household,Offline,H,2082017.0,522840487,2132017.0,8974,668.27,502.54,5997054.98,4509793.96,1487261.02
Asia,Mongolia,Personal Care,Offline,C,2192014.0,832401311,2232014.0,4901,81.73,56.67,400558.73,277739.67,122819.06
Europe,Bulgaria,Clothes,Online,M,4232012.0,972292029,6032012.0,1673,109.28,35.84,182825.44,59960.32,122865.12
Asia,Sri Lanka,Cosmetics,Offline,M,11192016.0,419123971,12182016.0,6952,437.2,263.33,3039414.4,1830670.16,1208744.24
Sub-Saharan Africa,Cameroon,Beverages,Offline,C,4012015.0,519820964,4182015.0,5430,47.45,31.79,257653.5,172619.7,85033.8
Asia,Turkmenistan,Household,Offline,L,12302010.0,441619336,1202011.0,3830,668.27,502.54,2559474.1,1924728.2,634745.9
Australia and Oceania,East Timor,Meat,Online,L,7312012.0,322067916,9112012.0,5908,421.89,364.69,2492526.12,2154588.52,337937.6
Europe,Norway,Baby Food,Online,L,5142014.0,819028031,6282014.0,7450,255.28,159.42,1901836.0,1187679.0,714157.0
Europe,Portugal,Baby Food,Online,H,7312015.0,860673511,9032015.0,1273,255.28,159.42,324971.44,202941.66,122029.78
Central America and the Caribbean,Honduras,Snacks,Online,L,6302016.0,795490682,7262016.0,2225,152.58,97.44,339490.5,216804.0,122686.5
Australia and Oceania,New Zealand,Fruits,Online,H,9082014.0,142278373,10042014.0,2187,9.33,6.92,20404.71,15134.04,5270.67
Europe,Moldova ,Personal Care,Online,L,5072016.0,740147912,5102016.0,5070,81.73,56.67,414371.1,287316.9,127054.2
Europe,France,Cosmetics,Online,H,5222017.0,898523128,6052017.0,1815,437.2,263.33,793518.0,477943.95,315574.05
Australia and Oceania,Kiribati,Fruits,Online,M,10132014.0,347140347,11102014.0,5398,9.33,6.92,50363.34,37354.16,13009.18
Sub-Saharan Africa,Mali,Fruits,Online,L,5072010.0,686048400,5102010.0,5822,9.33,6.92,54319.26,40288.24,14031.02
Europe,Norway,Beverages,Offline,C,7182014.0,435608613,7302014.0,5124,47.45,31.79,243133.8,162891.96,80241.84
Sub-Saharan Africa,The Gambia,Household,Offline,L,5262012.0,886494815,6092012.0,2370,668.27,502.54,1583799.9,1191019.8,392780.1
Europe,Switzerland,Cosmetics,Offline,M,9172012.0,249693334,10202012.0,8661,437.2,263.33,3786589.2,2280701.13,1505888.07
Sub-Saharan Africa,South Sudan,Personal Care,Offline,C,12292013.0,406502997,1282014.0,2125,81.73,56.67,173676.25,120423.75,53252.5
Australia and Oceania,Australia,Office Supplies,Online,C,10272015.0,158535134,11252015.0,2924,651.21,524.96,1904138.04,1534983.04,369155.0
Asia,Myanmar,Household,Offline,H,1162015.0,177713572,3012015.0,8250,668.27,502.54,5513227.5,4145955.0,1367272.5
Sub-Saharan Africa,Djibouti,Snacks,Online,M,2252017.0,756274640,2252017.0,7327,152.58,97.44,1117953.66,713942.88,404010.78
Central America and the Caribbean,Costa Rica,Personal Care,Offline,L,5082017.0,456767165,5212017.0,6409,81.73,56.67,523807.57,363198.03,160609.54
Middle East and North Africa,Syria,Fruits,Online,L,11222011.0,162052476,12032011.0,3784,9.33,6.92,35304.72,26185.28,9119.44
Sub-Saharan Africa,The Gambia,Meat,Online,M,1142017.0,825304400,1232017.0,4767,421.89,364.69,2011149.63,1738477.23,272672.4
Asia,Brunei,Office Supplies,Online,L,4012012.0,320009267,5082012.0,6708,651.21,524.96,4368316.68,3521431.68,846885.0
Europe,Bulgaria,Office Supplies,Online,M,2162012.0,189965903,2282012.0,3987,651.21,524.96,2596374.27,2093015.52,503358.75
Sub-Saharan Africa,Niger,Personal Care,Online,H,3112017.0,699285638,3282017.0,3015,81.73,56.67,246415.95,170860.05,75555.9
Middle East and North Africa,Azerbaijan,Cosmetics,Online,M,2062010.0,382392299,2252010.0,7234,437.2,263.33,3162704.8,1904929.22,1257775.58
Sub-Saharan Africa,The Gambia,Cereal,Offline,H,6072012.0,994022214,6082012.0,2117,205.7,117.11,435466.9,247921.87,187545.03
Europe,Slovakia,Vegetables,Online,H,10062012.0,759224212,11102012.0,171,154.06,90.93,26344.26,15549.03,10795.23
Asia,Myanmar,Clothes,Online,H,11142015.0,223359620,11182015.0,5930,109.28,35.84,648030.4,212531.2,435499.2
Sub-Saharan Africa,Comoros,Cereal,Offline,H,3292016.0,902102267,4292016.0,962,205.7,117.11,197883.4,112659.82,85223.58
Europe,Iceland,Cosmetics,Online,C,12312016.0,331438481,12312016.0,8867,437.2,263.33,3876652.4,2334947.11,1541705.29
Europe,Switzerland,Personal Care,Online,M,12232010.0,617667090,1312011.0,273,81.73,56.67,22312.29,15470.91,6841.38
Europe,Macedonia,Clothes,Offline,C,10142014.0,787399423,11142014.0,7842,109.28,35.84,856973.76,281057.28,575916.48
Sub-Saharan Africa,Mauritania,Office Supplies,Offline,C,1112012.0,837559306,1132012.0,1266,651.21,524.96,824431.86,664599.36,159832.5
Europe,Albania,Clothes,Online,C,2022010.0,385383069,3182010.0,2269,109.28,35.84,247956.32,81320.96,166635.36
Sub-Saharan Africa,Lesotho,Fruits,Online,L,8182013.0,918419539,9182013.0,9606,9.33,6.92,89623.98,66473.52,23150.46
Middle East and North Africa,Saudi Arabia,Cereal,Online,M,3252013.0,844530045,3282013.0,4063,205.7,117.11,835759.1,475817.93,359941.17
Sub-Saharan Africa,Sierra Leone,Office Supplies,Offline,M,11262011.0,441888415,1072012.0,3457,651.21,524.96,2251232.97,1814786.72,436446.25
Sub-Saharan Africa,Sao Tome and Principe,Fruits,Offline,H,9172013.0,508980977,10242013.0,7637,9.33,6.92,71253.21,52848.04,18405.17
Sub-Saharan Africa,Cote d'Ivoire,Clothes,Online,C,6082012.0,114606559,6272012.0,3482,109.28,35.84,380512.96,124794.88,255718.08
Australia and Oceania,Fiji,Clothes,Offline,C,6302010.0,647876489,8012010.0,9905,109.28,35.84,1082418.4,354995.2,727423.2
Europe,Austria,Cosmetics,Offline,H,2232015.0,868214595,3022015.0,2847,437.2,263.33,1244708.4,749700.51,495007.89
Europe,United Kingdom,Household,Online,L,1052012.0,955357205,2142012.0,282,668.27,502.54,188452.14,141716.28,46735.86
Sub-Saharan Africa,Djibouti,Cosmetics,Offline,H,4072014.0,259353148,4192014.0,7215,437.2,263.33,3154398.0,1899925.95,1254472.05
Australia and Oceania,Australia,Cereal,Offline,H,6092013.0,450563752,7022013.0,682,205.7,117.11,140287.4,79869.02,60418.38
Europe,San Marino,Baby Food,Online,L,6262013.0,569662845,7012013.0,4750,255.28,159.42,1212580.0,757245.0,455335.0
Sub-Saharan Africa,Cameroon,Office Supplies,Online,M,11072011.0,177636754,11152011.0,5518,651.21,524.96,3593376.78,2896729.28,696647.5
Middle East and North Africa,Libya,Clothes,Offline,H,10302010.0,705784308,11172010.0,6116,109.28,35.84,668356.48,219197.44,449159.04
Central America and the Caribbean,Haiti,Cosmetics,Offline,H,10132013.0,505716836,11162013.0,1705,437.2,263.33,745426.0,448977.65,296448.35
Sub-Saharan Africa,Rwanda,Cosmetics,Offline,H,10112013.0,699358165,11252013.0,4477,437.2,263.33,1957344.4,1178928.41,778415.99
Sub-Saharan Africa,Gabon,Personal Care,Offline,L,7082012.0,228944623,7092012.0,8656,81.73,56.67,707454.88,490535.52,216919.36
Central America and the Caribbean,Belize,Clothes,Offline,M,7252016.0,807025039,9072016.0,5498,109.28,35.84,600821.44,197048.32,403773.12
Europe,Lithuania,Office Supplies,Offline,H,10242010.0,166460740,11172010.0,8287,651.21,524.96,5396577.27,4350343.52,1046233.75
Sub-Saharan Africa,Madagascar,Clothes,Offline,L,4252015.0,610425555,5282015.0,7342,109.28,35.84,802333.76,263137.28,539196.48
Asia,Turkmenistan,Office Supplies,Online,M,4232013.0,462405812,5202013.0,5010,651.21,524.96,3262562.1,2630049.6,632512.5
Middle East and North Africa,Libya,Fruits,Online,L,8142015.0,816200339,9302015.0,673,9.33,6.92,6279.09,4657.16,1621.93
Sub-Saharan Africa,Democratic Republic of the Congo,Beverages,Online,C,5262011.0,585920464,7152011.0,5741,47.45,31.79,272410.45,182506.39,89904.06
Sub-Saharan Africa,Djibouti,Cereal,Online,H,5202017.0,555990016,6172017.0,8656,205.7,117.11,1780539.2,1013704.16,766835.04
Middle East and North Africa,Pakistan,Cosmetics,Offline,L,7052013.0,231145322,8162013.0,9892,437.2,263.33,4324782.4,2604860.36,1719922.04
North America,Mexico,Household,Offline,C,11062014.0,986435210,12122014.0,6954,668.27,502.54,4647149.58,3494663.16,1152486.42
Australia and Oceania,Federated States of Micronesia,Beverages,Online,C,10282014.0,217221009,11152014.0,9379,47.45,31.79,445033.55,298158.41,146875.14
Asia,Laos,Vegetables,Offline,C,9152011.0,789176547,10232011.0,3732,154.06,90.93,574951.92,339350.76,235601.16
Europe,Monaco,Baby Food,Offline,H,5292012.0,688288152,6022012.0,8614,255.28,159.42,2198981.92,1373243.88,825738.04
Australia and Oceania,Samoa ,Cosmetics,Online,H,7202013.0,670854651,8072013.0,9654,437.2,263.33,4220728.8,2542187.82,1678540.98
Europe,Spain,Household,Offline,L,10212012.0,213487374,11302012.0,4513,668.27,502.54,3015902.51,2267963.02,747939.49
Middle East and North Africa,Lebanon,Clothes,Online,L,9182012.0,663110148,10082012.0,7884,109.28,35.84,861563.52,282562.56,579000.96
Middle East and North Africa,Iran,Cosmetics,Online,H,11152016.0,286959302,12082016.0,6489,437.2,263.33,2836990.8,1708748.37,1128242.43
Sub-Saharan Africa,Zambia,Snacks,Online,L,1042011.0,122583663,1052011.0,4085,152.58,97.44,623289.3,398042.4,225246.9
Sub-Saharan Africa,Kenya,Vegetables,Online,L,3182012.0,827844560,4072012.0,6457,154.06,90.93,994765.42,587135.01,407630.41
North America,Mexico,Personal Care,Offline,L,2172012.0,430915820,3202012.0,6422,81.73,56.67,524870.06,363934.74,160935.32
Sub-Saharan Africa,Sao Tome and Principe,Beverages,Offline,C,1162011.0,180283772,1212011.0,8829,47.45,31.79,418936.05,280673.91,138262.14
Sub-Saharan Africa,The Gambia,Baby Food,Offline,M,2032014.0,494747245,3202014.0,5559,255.28,159.42,1419101.52,886215.78,532885.74
Middle East and North Africa,Kuwait,Fruits,Online,M,4302012.0,513417565,5182012.0,522,9.33,6.92,4870.26,3612.24,1258.02
Europe,Slovenia,Beverages,Offline,C,10232016.0,345718562,11252016.0,4660,47.45,31.79,221117.0,148141.4,72975.6
Sub-Saharan Africa,Sierra Leone,Office Supplies,Offline,H,12062016.0,621386563,12142016.0,948,651.21,524.96,617347.08,497662.08,119685.0
Australia and Oceania,Australia,Beverages,Offline,H,7072014.0,240470397,7112014.0,9389,47.45,31.79,445508.05,298476.31,147031.74
Middle East and North Africa,Azerbaijan,Office Supplies,Online,M,6132012.0,423331391,7242012.0,2021,651.21,524.96,1316095.41,1060944.16,255151.25
Europe,Romania,Cosmetics,Online,H,11262010.0,660643374,12252010.0,7910,437.2,263.33,3458252.0,2082940.3,1375311.7
Central America and the Caribbean,Nicaragua,Beverages,Offline,C,2082011.0,963392674,3212011.0,8156,47.45,31.79,387002.2,259279.24,127722.96
Sub-Saharan Africa,Mali,Clothes,Online,M,7262011.0,512878119,9032011.0,888,109.28,35.84,97040.64,31825.92,65214.72
Asia,Malaysia,Fruits,Offline,L,11112011.0,810711038,12282011.0,6267,9.33,6.92,58471.11,43367.64,15103.47
Sub-Saharan Africa,Sierra Leone,Vegetables,Offline,C,6012016.0,728815257,6292016.0,1485,154.06,90.93,228779.1,135031.05,93748.05
North America,Mexico,Personal Care,Offline,M,7302015.0,559427106,8082015.0,5767,81.73,56.67,471336.91,326815.89,144521.02
Sub-Saharan Africa,Mozambique,Household,Offline,L,2102012.0,665095412,2152012.0,5367,668.27,502.54,3586605.09,2697132.18,889472.91
